元Excel行,商品コード,棚番,区分,内容
278,ｼﾞｬﾊﾞﾗ3,A5,欠損,規格が空欄
404,NIPPO D50,A10,欠損,規格が空欄
405,NIPPO D200,A10,欠損,規格が空欄
1554,ｻﾝｾｲ SGｻｰﾓ,B11,欠損,規格が空欄
2028,KESS-25VPN,C5,欠損,棚順が空欄
2029,KESS-30VPN,C5,欠損,棚順が空欄
2030,KESS-40VPN,C5,欠損,棚順が空欄
2031,KESS-50VPN,C5,欠損,棚順が空欄
2032,KESS-65VPN,C5,欠損,棚順が空欄
2207,OK K-HD14B,C9,図面位置未確定,PDFに個別位置を確認できない棚番。商品は検索可能
2208,ｵﾒｶｼOMK9N-W,C9,図面位置未確定,PDFに個別位置を確認できない棚番。商品は検索可能
2209,ｵﾒｶｼOMK9N,C9,図面位置未確定,PDFに個別位置を確認できない棚番。商品は検索可能
2210,ｲﾅﾊ KS-24-I,C9,図面位置未確定,PDFに個別位置を確認できない棚番。商品は検索可能
2211,ｲﾅﾊ VS-25,C9,図面位置未確定,PDFに個別位置を確認できない棚番。商品は検索可能
2212,ｲﾅﾊ VS-22,C9,図面位置未確定,PDFに個別位置を確認できない棚番。商品は検索可能
2213,ｲﾅﾊ VES-42,C9,図面位置未確定,PDFに個別位置を確認できない棚番。商品は検索可能
2214,ｲﾅﾊ VES-36,C9,図面位置未確定,PDFに個別位置を確認できない棚番。商品は検索可能
2215,ｲﾅﾊ VES-28N,C9,図面位置未確定,PDFに個別位置を確認できない棚番。商品は検索可能
2216,ｲﾅﾊ NDS-40,C9,図面位置未確定,PDFに個別位置を確認できない棚番。商品は検索可能
2217,ｲﾅﾊ NDT-40,C9,図面位置未確定,PDFに個別位置を確認できない棚番。商品は検索可能
2218,ｲﾅﾊ NDE-40,C9,図面位置未確定,PDFに個別位置を確認できない棚番。商品は検索可能
2219,ｲﾅﾊ NDE-30,C9,図面位置未確定,PDFに個別位置を確認できない棚番。商品は検索可能
2220,ｱｻﾋAV AV90L25,C9,図面位置未確定,PDFに個別位置を確認できない棚番。商品は検索可能
2221,ｱｻﾋAV AVS20,C9,図面位置未確定,PDFに個別位置を確認できない棚番。商品は検索可能
2222,ｱｻﾋAV AVS25,C9,図面位置未確定,PDFに個別位置を確認できない棚番。商品は検索可能
2223,ｱｻﾋAV AVT20,C9,図面位置未確定,PDFに個別位置を確認できない棚番。商品は検索可能
2224,ｱｻﾋAV AVT25,C9,図面位置未確定,PDFに個別位置を確認できない棚番。商品は検索可能
2225,ｱｻﾋAV AV45L20,C9,図面位置未確定,PDFに個別位置を確認できない棚番。商品は検索可能
2226,ｱｻﾋAV AV45L25,C9,図面位置未確定,PDFに個別位置を確認できない棚番。商品は検索可能
2227,ｱｻﾋAV AVS25X20,C9,図面位置未確定,PDFに個別位置を確認できない棚番。商品は検索可能
2228,ｲﾅﾊ NDE-20,C9,図面位置未確定,PDFに個別位置を確認できない棚番。商品は検索可能
2229,ｲﾅﾊ NDE-25,C9,図面位置未確定,PDFに個別位置を確認できない棚番。商品は検索可能
2230,ｲﾅﾊ NDS-20,C9,図面位置未確定,PDFに個別位置を確認できない棚番。商品は検索可能
2231,ｲﾅﾊ NDS-25,C9,図面位置未確定,PDFに個別位置を確認できない棚番。商品は検索可能
2232,ｲﾅﾊ NDT-20,C9,図面位置未確定,PDFに個別位置を確認できない棚番。商品は検索可能
2233,ｲﾅﾊ NDT-25,C9,図面位置未確定,PDFに個別位置を確認できない棚番。商品は検索可能
2234,ｲﾅﾊ NDF-20,C9,図面位置未確定,PDFに個別位置を確認できない棚番。商品は検索可能
2235,ｲﾅﾊ NDF-25,C9,図面位置未確定,PDFに個別位置を確認できない棚番。商品は検索可能
2236,ｲﾅﾊ NDI-25-20,C9,図面位置未確定,PDFに個別位置を確認できない棚番。商品は検索可能
2237,ｲﾅﾊ NDI-30-25,C9,図面位置未確定,PDFに個別位置を確認できない棚番。商品は検索可能
2238,ｲﾅﾊ NDT-30,C9,図面位置未確定,PDFに個別位置を確認できない棚番。商品は検索可能
2239,ｲﾅﾊ NDS-30,C9,図面位置未確定,PDFに個別位置を確認できない棚番。商品は検索可能
2240,ｲﾅﾊ NDT-30-25,C9,図面位置未確定,PDFに個別位置を確認できない棚番。商品は検索可能
2241,ｲﾅﾊ NDDE-20,C9,図面位置未確定,PDFに個別位置を確認できない棚番。商品は検索可能
2242,ｲﾅﾊ NDDE-25,C9,図面位置未確定,PDFに個別位置を確認できない棚番。商品は検索可能
2243,ｲﾅﾊ HEC-20,C9,図面位置未確定,PDFに個別位置を確認できない棚番。商品は検索可能
2244,ｲﾅﾊ HEC-25,C9,図面位置未確定,PDFに個別位置を確認できない棚番。商品は検索可能
2245,ｲﾅﾊ HEC-30,C9,図面位置未確定,PDFに個別位置を確認できない棚番。商品は検索可能
2251,BBｸﾘｰﾝ,C10,欠損,規格が空欄
2282,ｸﾘｰﾝｶﾂﾊｰ,C10,欠損,規格が空欄
2283,ｴｱｺﾝﾊﾙ,C10,欠損,規格が空欄
2285,ｷﾕﾎﾌﾚﾂｸｽ,C10,欠損,規格が空欄
2496,ﾋﾟﾝｺﾛ,C22,欠損,規格が空欄
2976,ｲﾉｱﾂｸ SDH-25,D8,欠損,棚順が空欄
2977,ｴｱﾛ M32032,D8,欠損,棚順が空欄
2978,ﾄｰﾚ PPE50X20,D8,欠損,棚順が空欄
3687,ﾌﾛﾝR404,F3,図面位置未確定,PDFに個別位置を確認できない棚番。商品は検索可能
3688,ﾌﾛﾝR407,F3,図面位置未確定,PDFに個別位置を確認できない棚番。商品は検索可能
3689,ﾌﾛﾝR22,F3,図面位置未確定,PDFに個別位置を確認できない棚番。商品は検索可能
3690,ﾌﾛﾝR32,F3,図面位置未確定,PDFに個別位置を確認できない棚番。商品は検索可能
3691,ﾌﾛﾝR410,F3,図面位置未確定,PDFに個別位置を確認できない棚番。商品は検索可能
3692,ﾄｳｽｲｼｰﾄ1X50,F3,図面位置未確定,PDFに個別位置を確認できない棚番。商品は検索可能
3693,SSS HIﾍﾙSﾍﾝﾄ100X600,F3,図面位置未確定,PDFに個別位置を確認できない棚番。商品は検索可能
3694,SSS HIﾍﾙSﾍﾝﾄ100X450,F3,図面位置未確定,PDFに個別位置を確認できない棚番。商品は検索可能
3695,SSS HIﾍﾙSﾍﾝﾄ100X300,F3,図面位置未確定,PDFに個別位置を確認できない棚番。商品は検索可能
3696,SSS HIﾍﾙSﾍﾝﾄ75X600,F3,図面位置未確定,PDFに個別位置を確認できない棚番。商品は検索可能
3697,SSS HIﾍﾙSﾍﾝﾄ75X450,F3,図面位置未確定,PDFに個別位置を確認できない棚番。商品は検索可能
3698,SSS HIﾍﾙSﾍﾝﾄ75X300,F3,図面位置未確定,PDFに個別位置を確認できない棚番。商品は検索可能
3699,SSS HIﾍﾙSﾍﾝﾄ50X450,F3,図面位置未確定,PDFに個別位置を確認できない棚番。商品は検索可能
4211,SSS ｴｽﾛﾀｲﾄABｾﾂﾄ,F14,欠損,規格が空欄
4625,MS BBOX,H3,欠損,規格が空欄
4626,MS BFBOX,H3,欠損,規格が空欄
4628,MS FBOXｺｳﾌD,H3,欠損,規格が空欄
4629,MS FBOXｺｳﾌ,H3,欠損,規格が空欄
4689,ｼﾘｺﾝｶﾞﾝ,I1,欠損,規格が空欄
4690,ｼﾘｺﾝｱｲﾎﾞﾘｰ,I1,欠損,規格が空欄
4691,ｼﾘｺﾝﾎﾜｲﾄ,I1,欠損,規格が空欄
4692,ｼﾘｺﾝｸﾞﾚｰ,I1,欠損,規格が空欄
4693,ｼﾘｺﾝｸﾘｱ,I1,欠損,規格が空欄
4694,Hｼﾘｺﾝｱｲﾎﾞﾘｰ,I1,欠損,規格が空欄
4695,Hｼﾘｺﾝｸﾞﾚｰ,I1,欠損,規格が空欄
4696,Hｼﾘｺﾝﾎﾜｲﾄ,I1,欠損,規格が空欄
4868,PPｽｶﾂﾄ,I2,欠損,規格が空欄
4882,ﾊﾙﾌﾌﾀ,I2,欠損,規格が空欄
4883,ﾊﾙﾌﾌﾀﾖｳｸｻﾘ,I2,欠損,規格が空欄
4951,ﾚｲﾊｲｶｽﾏﾆﾌｴｽﾄ,I4,欠損,規格が空欄
4952,ﾚｲﾊｲｶｽﾏﾆﾌｴｽﾄﾔﾏﾅｼ,I4,欠損,規格が空欄
4953,ﾛｯｸ25-5.5,J1,図面位置未確定,PDFに個別位置を確認できない棚番。商品は検索可能
4954,A ｳﾗﾜｻ45,J1,図面位置未確定,PDFに個別位置を確認できない棚番。商品は検索可能
4955,ｽﾀｰP6-32,J1,図面位置未確定,PDFに個別位置を確認できない棚番。商品は検索可能
4956,ｽﾀｰP7-38,J1,図面位置未確定,PDFに個別位置を確認できない棚番。商品は検索可能
4957,ｽﾀｰP8-38,J1,図面位置未確定,PDFに個別位置を確認できない棚番。商品は検索可能
4958,ｽﾀｰP10-38,J1,図面位置未確定,PDFに個別位置を確認できない棚番。商品は検索可能
4959,ｽﾀｰP10-50,J1,図面位置未確定,PDFに個別位置を確認できない棚番。商品は検索可能
4960,ｽﾀｰP12-50,J1,図面位置未確定,PDFに個別位置を確認できない棚番。商品は検索可能
4961,ﾚﾁﾄﾝ ｷﾝﾀﾏ125,J1,図面位置未確定,PDFに個別位置を確認できない棚番。商品は検索可能
4962,ﾚﾁﾄﾝ ｷﾝﾀﾏ105,J1,図面位置未確定,PDFに個別位置を確認できない棚番。商品は検索可能
4963,ｽｰﾊｰﾗｲﾁﾖｳ,J1,図面位置未確定,PDFに個別位置を確認できない棚番。商品は検索可能
4964,ｼﾝﾀｲﾜ CT180-36FOC,J1,図面位置未確定,PDFに個別位置を確認できない棚番。商品は検索可能
4965,ｶｰﾙ10X38,J1,図面位置未確定,PDFに個別位置を確認できない棚番。商品は検索可能
4966,ｱｵｷ Aﾌﾟﾗｽﾀﾝ,J1,図面位置未確定,PDFに個別位置を確認できない棚番。商品は検索可能
4967,Wﾌﾟﾗｽﾀﾝ1,J1,図面位置未確定,PDFに個別位置を確認できない棚番。商品は検索可能
4968,Sﾌﾗｯｸｽ,J1,欠損,規格が空欄
4968,Sﾌﾗｯｸｽ,J1,図面位置未確定,PDFに個別位置を確認できない棚番。商品は検索可能
4969,ﾄｰﾁBT-20SI,J1,図面位置未確定,PDFに個別位置を確認できない棚番。商品は検索可能
4970,ﾄｰﾁBT-20ZA,J1,図面位置未確定,PDFに個別位置を確認できない棚番。商品は検索可能
4971,ｴｰｽｶｴﾎﾞﾝﾍﾞ,J1,図面位置未確定,PDFに個別位置を確認できない棚番。商品は検索可能
4972,ｱｻﾀ RT201B,J1,図面位置未確定,PDFに個別位置を確認できない棚番。商品は検索可能
4973,ﾜｶｲ ｶﾍﾛﾂｸLDX00PB,J1,図面位置未確定,PDFに個別位置を確認できない棚番。商品は検索可能
4974,ﾜｶｲ ｶﾍﾛﾂｸLDX000D,J1,図面位置未確定,PDFに個別位置を確認できない棚番。商品は検索可能
4975,ﾜｶｲ ｶﾍﾛﾂｸLT25000,J1,図面位置未確定,PDFに個別位置を確認できない棚番。商品は検索可能
4976,ﾋｯﾄﾈｲﾙ38S,J1,図面位置未確定,PDFに個別位置を確認できない棚番。商品は検索可能
4977,A ｽﾃﾝｱﾝｶｰC645,J1,図面位置未確定,PDFに個別位置を確認できない棚番。商品は検索可能
4978,A ｽﾃﾝｱﾝｶｰC850,J1,図面位置未確定,PDFに個別位置を確認できない棚番。商品は検索可能
4979,A ｽﾃﾝｱﾝｶｰC1060,J1,図面位置未確定,PDFに個別位置を確認できない棚番。商品は検索可能
4980,A ｽﾃﾝｱﾝｶｰC1070,J1,図面位置未確定,PDFに個別位置を確認できない棚番。商品は検索可能
4981,A ｽﾃﾝｱﾝｶｰC1080,J1,図面位置未確定,PDFに個別位置を確認できない棚番。商品は検索可能
4982,A ｽﾃﾝｱﾝｶｰC1090,J1,図面位置未確定,PDFに個別位置を確認できない棚番。商品は検索可能
4983,A ｽﾃﾝｱﾝｶｰC1260,J1,図面位置未確定,PDFに個別位置を確認できない棚番。商品は検索可能
4984,A ｽﾃﾝｱﾝｶｰC1270,J1,図面位置未確定,PDFに個別位置を確認できない棚番。商品は検索可能
4985,A ｽﾃﾝｱﾝｶｰC3060,J1,図面位置未確定,PDFに個別位置を確認できない棚番。商品は検索可能
4986,A ｽﾃﾝｱﾝｶｰUC3030B,J1,図面位置未確定,PDFに個別位置を確認できない棚番。商品は検索可能
4987,A ｽﾃﾝｱﾝｶｰGA8M,J1,図面位置未確定,PDFに個別位置を確認できない棚番。商品は検索可能
4988,ﾋﾙﾃｲSUS3/8X30,J1,図面位置未確定,PDFに個別位置を確認できない棚番。商品は検索可能
4989,ﾋﾙﾃｲSUS3/8X40,J1,図面位置未確定,PDFに個別位置を確認できない棚番。商品は検索可能
4990,A ｱﾝｶｰGA40,J1,図面位置未確定,PDFに個別位置を確認できない棚番。商品は検索可能
4991,A ｱﾝｶｰUC3030B,J1,図面位置未確定,PDFに個別位置を確認できない棚番。商品は検索可能
4992,A ｱﾝｶｰUC3040,J1,図面位置未確定,PDFに個別位置を確認できない棚番。商品は検索可能
4993,A ｱﾝｶｰUC4050,J1,図面位置未確定,PDFに個別位置を確認できない棚番。商品は検索可能
4994,ﾜｶｲ 4A413D,J1,図面位置未確定,PDFに個別位置を確認できない棚番。商品は検索可能
4995,ﾜｶｲ 4A416D,J1,図面位置未確定,PDFに個別位置を確認できない棚番。商品は検索可能
4996,A ｱﾝｶｰC645,J1,図面位置未確定,PDFに個別位置を確認できない棚番。商品は検索可能
4997,A ｱﾝｶｰC850,J1,図面位置未確定,PDFに個別位置を確認できない棚番。商品は検索可能
4998,A ｱﾝｶｰC870,J1,図面位置未確定,PDFに個別位置を確認できない棚番。商品は検索可能
4999,A ｱﾝｶｰC1060,J1,図面位置未確定,PDFに個別位置を確認できない棚番。商品は検索可能
5000,A ｱﾝｶｰC1070,J1,図面位置未確定,PDFに個別位置を確認できない棚番。商品は検索可能
5001,A ｱﾝｶｰC1080,J1,図面位置未確定,PDFに個別位置を確認できない棚番。商品は検索可能
5002,A ｱﾝｶｰC1260,J1,図面位置未確定,PDFに個別位置を確認できない棚番。商品は検索可能
5003,A ｱﾝｶｰC1270,J1,図面位置未確定,PDFに個別位置を確認できない棚番。商品は検索可能
5004,A ｱﾝｶｰC3060,J1,図面位置未確定,PDFに個別位置を確認できない棚番。商品は検索可能
5005,ﾀｲｷ ﾀﾝｽｲｷ13-16,J2,図面位置未確定,PDFに個別位置を確認できない棚番。商品は検索可能
5006,ﾀｲｷ ﾀﾝｽｲｷ20-25,J2,図面位置未確定,PDFに個別位置を確認できない棚番。商品は検索可能
5007,ﾀｲｷ DK-13,J2,図面位置未確定,PDFに個別位置を確認できない棚番。商品は検索可能
5008,ﾀｲｷ DK-16,J2,図面位置未確定,PDFに個別位置を確認できない棚番。商品は検索可能
5009,ﾀｲｷ DK-20,J2,図面位置未確定,PDFに個別位置を確認できない棚番。商品は検索可能
5010,ﾀｲｷ DK-25,J2,図面位置未確定,PDFに個別位置を確認できない棚番。商品は検索可能
5011,ﾕﾆｶ NBA3860,J2,図面位置未確定,PDFに個別位置を確認できない棚番。商品は検索可能
5012,ﾌﾞﾛｯｶｰ,J2,欠損,規格が空欄
5012,ﾌﾞﾛｯｶｰ,J2,図面位置未確定,PDFに個別位置を確認できない棚番。商品は検索可能
5013,DX38-10P,J2,図面位置未確定,PDFに個別位置を確認できない棚番。商品は検索可能
5014,DX38ﾊﾗ,J2,図面位置未確定,PDFに個別位置を確認できない棚番。商品は検索可能
5015,ﾄﾘｶ5/31,J2,図面位置未確定,PDFに個別位置を確認できない棚番。商品は検索可能
5016,ｻｷﾃﾂｻﾌﾛｰ100,J2,欠損,規格が空欄
5016,ｻｷﾃﾂｻﾌﾛｰ100,J2,図面位置未確定,PDFに個別位置を確認できない棚番。商品は検索可能
5017,ｻｷﾃﾂｻﾌﾛｰ,J2,欠損,規格が空欄
5017,ｻｷﾃﾂｻﾌﾛｰ,J2,図面位置未確定,PDFに個別位置を確認できない棚番。商品は検索可能
5018,ｷﾖｰﾜ T-50KP,J2,図面位置未確定,PDFに個別位置を確認できない棚番。商品は検索可能
5019,ｼｬｰﾊﾟｰﾎﾝﾀｲ,J2,欠損,規格が空欄
5019,ｼｬｰﾊﾟｰﾎﾝﾀｲ,J2,図面位置未確定,PDFに個別位置を確認できない棚番。商品は検索可能
5020,ｼｬｰﾊﾟｰｶｴﾊﾞ,J2,欠損,規格が空欄
5020,ｼｬｰﾊﾟｰｶｴﾊﾞ,J2,図面位置未確定,PDFに個別位置を確認できない棚番。商品は検索可能
5021,ｼﾝﾜ ﾌﾙｰﾚﾍﾙJR2M200,J2,図面位置未確定,PDFに個別位置を確認できない棚番。商品は検索可能
5022,ｱｶﾂｷ GL-25U,J2,図面位置未確定,PDFに個別位置を確認できない棚番。商品は検索可能
5023,ｻﾝｷﾖｳ S500,J2,図面位置未確定,PDFに個別位置を確認できない棚番。商品は検索可能
5024,ﾍﾞｯｾﾙ-100,J2,図面位置未確定,PDFに個別位置を確認できない棚番。商品は検索可能
5025,ﾍﾞｯｾﾙ-150,J2,図面位置未確定,PDFに個別位置を確認できない棚番。商品は検索可能
5026,ﾍﾞｯｾﾙ-200,J2,図面位置未確定,PDFに個別位置を確認できない棚番。商品は検索可能
5027,ﾍﾞｯｾﾙ+100,J2,図面位置未確定,PDFに個別位置を確認できない棚番。商品は検索可能
5028,ﾍﾞｯｾﾙ+150,J2,図面位置未確定,PDFに個別位置を確認できない棚番。商品は検索可能
5029,ﾍﾞｯｾﾙ+200,J2,図面位置未確定,PDFに個別位置を確認できない棚番。商品は検索可能
5030,ｱｻﾀ MN080,J2,図面位置未確定,PDFに個別位置を確認できない棚番。商品は検索可能
5031,REX N20Aﾖｳｽﾃﾝﾁｴｰｻ15X20,J2,図面位置未確定,PDFに個別位置を確認できない棚番。商品は検索可能
5032,REX N20A3ﾖｳﾏｼﾝｶﾂﾀｶｴﾊ,J2,図面位置未確定,PDFに個別位置を確認できない棚番。商品は検索可能
5033,REX N20A3ﾖｳSUSﾏｼﾝｶﾂﾀｶｴﾊ,J2,図面位置未確定,PDFに個別位置を確認できない棚番。商品は検索可能
5034,REX ﾁﾖｳｺｳｶﾂﾀｶｴﾊ,J2,図面位置未確定,PDFに個別位置を確認できない棚番。商品は検索可能
5035,MCC IPCE0050,J2,図面位置未確定,PDFに個別位置を確認できない棚番。商品は検索可能
5036,MCC IPCE0100,J2,図面位置未確定,PDFに個別位置を確認できない棚番。商品は検索可能
5037,REX ﾁｴｰｻ(ｱｵ)15X20,J2,図面位置未確定,PDFに個別位置を確認できない棚番。商品は検索可能
5038,REX ﾁｴｰｻ(ｱｵ)25X40,J2,図面位置未確定,PDFに個別位置を確認できない棚番。商品は検索可能
5039,REX ﾁｴｰｻ(ｱｵ)65X80,J2,図面位置未確定,PDFに個別位置を確認できない棚番。商品は検索可能
5040,REX ﾁｴｰｻ(ｵﾚﾝﾁ)125X150,J2,図面位置未確定,PDFに個別位置を確認できない棚番。商品は検索可能
5041,ｷﾖｰﾜ TK-50Kﾖｳﾎｰｽ,J2,図面位置未確定,PDFに個別位置を確認できない棚番。商品は検索可能
5042,ｷﾖｰﾜ TK-50Kﾖｳｹｰｼﾀｲｸﾐ,J2,図面位置未確定,PDFに個別位置を確認できない棚番。商品は検索可能
5043,ｷﾖｰﾜ TK-50Kﾖｳｹｰｼ,J2,図面位置未確定,PDFに個別位置を確認できない棚番。商品は検索可能
5044,ﾕﾆｶ UB01,J2,図面位置未確定,PDFに個別位置を確認できない棚番。商品は検索可能
5045,MCC PWDAL25,J3,図面位置未確定,PDFに個別位置を確認できない棚番。商品は検索可能
5046,MCC PWDAL30,J3,図面位置未確定,PDFに個別位置を確認できない棚番。商品は検索可能
5047,MCC PWDAL35,J3,図面位置未確定,PDFに個別位置を確認できない棚番。商品は検索可能
5048,MCC PWDAL45,J3,図面位置未確定,PDFに個別位置を確認できない棚番。商品は検索可能
5049,MCC CWALAD25,J3,図面位置未確定,PDFに個別位置を確認できない棚番。商品は検索可能
5050,MCC CWALAD30,J3,図面位置未確定,PDFに個別位置を確認できない棚番。商品は検索可能
5051,MCC CWALAD35,J3,図面位置未確定,PDFに個別位置を確認できない棚番。商品は検索可能
5052,MCC CWALAD45,J3,図面位置未確定,PDFに個別位置を確認できない棚番。商品は検索可能
5053,MCC TW-68,J3,図面位置未確定,PDFに個別位置を確認できない棚番。商品は検索可能
5054,TOP HY-26S,J3,図面位置未確定,PDFに個別位置を確認できない棚番。商品は検索可能
5055,TOP HY-30S,J3,図面位置未確定,PDFに個別位置を確認できない棚番。商品は検索可能
5056,TOP HY-38S,J3,図面位置未確定,PDFに個別位置を確認できない棚番。商品は検索可能
5057,TOP HY-49S,J3,図面位置未確定,PDFに個別位置を確認できない棚番。商品は検索可能
5058,TOP HX-200,J3,図面位置未確定,PDFに個別位置を確認できない棚番。商品は検索可能
5059,TOP HX-250,J3,図面位置未確定,PDFに個別位置を確認できない棚番。商品は検索可能
5060,TOP HX-300,J3,図面位置未確定,PDFに個別位置を確認できない棚番。商品は検索可能
5061,TOP WP-250G,J3,図面位置未確定,PDFに個別位置を確認できない棚番。商品は検索可能
5062,ﾘｼﾂﾄ ﾍｰｽﾚﾝﾁ1017,J3,図面位置未確定,PDFに個別位置を確認できない棚番。商品は検索可能
5063,VC27ED,J3,図面位置未確定,PDFに個別位置を確認できない棚番。商品は検索可能
5064,VC34ED,J3,図面位置未確定,PDFに個別位置を確認できない棚番。商品は検索可能
5065,VC42ED,J3,図面位置未確定,PDFに個別位置を確認できない棚番。商品は検索可能
5066,MCC JPC-37,J3,図面位置未確定,PDFに個別位置を確認できない棚番。商品は検索可能
5067,MCC JPCE37,J3,図面位置未確定,PDFに個別位置を確認できない棚番。商品は検索可能
5068,TOP PHW-1013-3,J3,図面位置未確定,PDFに個別位置を確認できない棚番。商品は検索可能
5069,ﾜｶｲ HDS-2,J3,図面位置未確定,PDFに個別位置を確認できない棚番。商品は検索可能
5070,ｻﾝｷﾖｳ SD-RX4,J3,図面位置未確定,PDFに個別位置を確認できない棚番。商品は検索可能
5071,KI KG1-105,J3,図面位置未確定,PDFに個別位置を確認できない棚番。商品は検索可能
5072,VC20ｶｴﾊﾞ,J3,図面位置未確定,PDFに個別位置を確認できない棚番。商品は検索可能
5073,VC42ｶｴﾊﾞ,J3,図面位置未確定,PDFに個別位置を確認できない棚番。商品は検索可能
5074,VC27EDｶｴﾊﾞ,J3,図面位置未確定,PDFに個別位置を確認できない棚番。商品は検索可能
5075,VC34EDｶｴﾊﾞ,J3,図面位置未確定,PDFに個別位置を確認できない棚番。商品は検索可能
5076,VC42EDｶｴﾊﾞ,J3,図面位置未確定,PDFに個別位置を確認できない棚番。商品は検索可能
5077,ﾐﾔﾅｶ PCD29,J3,図面位置未確定,PDFに個別位置を確認できない棚番。商品は検索可能
5078,ﾐﾔﾅｶ PCD29R,J3,図面位置未確定,PDFに個別位置を確認できない棚番。商品は検索可能
5079,ﾐﾔﾅｶ PCD32R,J3,図面位置未確定,PDFに個別位置を確認できない棚番。商品は検索可能
5080,ﾐﾔﾅｶ PCD38R,J3,図面位置未確定,PDFに個別位置を確認できない棚番。商品は検索可能
5081,ﾐﾔﾅｶ PCD50R,J3,図面位置未確定,PDFに個別位置を確認できない棚番。商品は検索可能
5082,ﾐﾔﾅｶ PCD65R,J3,図面位置未確定,PDFに個別位置を確認できない棚番。商品は検索可能
5083,ﾊｳｽBM PS-300,J3,図面位置未確定,PDFに個別位置を確認できない棚番。商品は検索可能
5084,ﾊｳｽBM PSB-300,J3,図面位置未確定,PDFに個別位置を確認できない棚番。商品は検索可能
5085,ｱｳｽ ｴﾝﾋｿｰｷﾜﾐ,J3,図面位置未確定,PDFに個別位置を確認できない棚番。商品は検索可能
5086,ｱｳｽ ｴﾝﾋｿｰｷﾜﾐｶｴﾊ,J3,図面位置未確定,PDFに個別位置を確認できない棚番。商品は検索可能
5087,ｱｳｽ ｴﾝﾋｿｰﾀｸﾐ,J3,図面位置未確定,PDFに個別位置を確認できない棚番。商品は検索可能
5088,ｱｳｽ ｴﾝﾋｿｰﾀｸﾐｶｴﾊ,J3,図面位置未確定,PDFに個別位置を確認できない棚番。商品は検索可能
5089,ﾐﾔﾅｶ PCEW130R,J3,図面位置未確定,PDFに個別位置を確認できない棚番。商品は検索可能
5090,ﾐﾔﾅｶ PCALC65R,J3,図面位置未確定,PDFに個別位置を確認できない棚番。商品は検索可能
5091,ﾐﾔﾅｶ PCWS80,J3,図面位置未確定,PDFに個別位置を確認できない棚番。商品は検索可能
5092,ﾀｲｱ PC34ｶｴﾊ,J3,図面位置未確定,PDFに個別位置を確認できない棚番。商品は検索可能
5093,ﾀｲｱ PC30ｶｴﾊ,J3,図面位置未確定,PDFに個別位置を確認できない棚番。商品は検索可能
5094,ﾏｷﾀ A21216,J3,図面位置未確定,PDFに個別位置を確認できない棚番。商品は検索可能
5095,ﾀｽｺ TA117-2,J3,図面位置未確定,PDFに個別位置を確認できない棚番。商品は検索可能
5096,ｻﾝｷﾖｳ SRAC14,J3,図面位置未確定,PDFに個別位置を確認できない棚番。商品は検索可能
5097,ﾐﾔﾅｶ DLSDS34P5,J4,図面位置未確定,PDFに個別位置を確認できない棚番。商品は検索可能
5098,ﾐﾔﾅｶ DLSDS35P5,J4,図面位置未確定,PDFに個別位置を確認できない棚番。商品は検索可能
5099,SDS3.5,J4,図面位置未確定,PDFに個別位置を確認できない棚番。商品は検索可能
5100,SDS4.8,J4,図面位置未確定,PDFに個別位置を確認できない棚番。商品は検索可能
5101,SDS6.0,J4,図面位置未確定,PDFに個別位置を確認できない棚番。商品は検索可能
5102,SDSL6.5,J4,図面位置未確定,PDFに個別位置を確認できない棚番。商品は検索可能
5103,SDSL7.0,J4,図面位置未確定,PDFに個別位置を確認できない棚番。商品は検索可能
5104,SDSL7.5,J4,図面位置未確定,PDFに個別位置を確認できない棚番。商品は検索可能
5105,SDSL8.0,J4,図面位置未確定,PDFに個別位置を確認できない棚番。商品は検索可能
5106,SDSL8.5,J4,図面位置未確定,PDFに個別位置を確認できない棚番。商品は検索可能
5107,SDSL9.0,J4,図面位置未確定,PDFに個別位置を確認できない棚番。商品は検索可能
5108,SDSL9.5,J4,図面位置未確定,PDFに個別位置を確認できない棚番。商品は検索可能
5109,SDSL10.0,J4,図面位置未確定,PDFに個別位置を確認できない棚番。商品は検索可能
5110,SDSL10.5,J4,図面位置未確定,PDFに個別位置を確認できない棚番。商品は検索可能
5111,SDSL12.0,J4,図面位置未確定,PDFに個別位置を確認できない棚番。商品は検索可能
5112,SDSL12.5,J4,図面位置未確定,PDFに個別位置を確認できない棚番。商品は検索可能
5113,SDSL12.7,J4,図面位置未確定,PDFに個別位置を確認できない棚番。商品は検索可能
5114,SDSL14.5,J4,図面位置未確定,PDFに個別位置を確認できない棚番。商品は検索可能
5115,SDSL16.0,J4,図面位置未確定,PDFに個別位置を確認できない棚番。商品は検索可能
5116,SDSL16.5,J4,図面位置未確定,PDFに個別位置を確認できない棚番。商品は検索可能
5117,ﾏｷﾀ A03763,J4,図面位置未確定,PDFに個別位置を確認できない棚番。商品は検索可能
5118,ﾜｶｲ BS425B,J4,図面位置未確定,PDFに個別位置を確認できない棚番。商品は検索可能
5119,ﾜｶｲ BN425B,J4,図面位置未確定,PDFに個別位置を確認できない棚番。商品は検索可能
5120,ﾜｶｲ BW425B,J4,図面位置未確定,PDFに個別位置を確認できない棚番。商品は検索可能
5121,ﾜｶｲ BW432B,J4,図面位置未確定,PDFに個別位置を確認できない棚番。商品は検索可能
5122,ﾜｶｲ BN432B,J4,図面位置未確定,PDFに個別位置を確認できない棚番。商品は検索可能
5123,ﾜｶｲ BN438B,J4,図面位置未確定,PDFに個別位置を確認できない棚番。商品は検索可能
5124,ﾜｶｲ BN425BS,J4,図面位置未確定,PDFに個別位置を確認できない棚番。商品は検索可能
5125,ﾜｶｲ BW425BS,J4,図面位置未確定,PDFに個別位置を確認できない棚番。商品は検索可能
5126,ﾜｶｲ BA409,J4,図面位置未確定,PDFに個別位置を確認できない棚番。商品は検索可能
5127,ﾜｶｲ BA412,J4,図面位置未確定,PDFに個別位置を確認できない棚番。商品は検索可能
5128,ﾜｶｲ TGTB,J4,図面位置未確定,PDFに個別位置を確認できない棚番。商品は検索可能
5129,ﾜｶｲ TGTC,J4,図面位置未確定,PDFに個別位置を確認できない棚番。商品は検索可能
5130,ﾜｶｲ CP19V,J4,図面位置未確定,PDFに個別位置を確認できない棚番。商品は検索可能
5131,ﾜｶｲ CP25V,J4,図面位置未確定,PDFに個別位置を確認できない棚番。商品は検索可能
5132,ﾜｶｲ HBN4035,J4,図面位置未確定,PDFに個別位置を確認できない棚番。商品は検索可能
5133,MCC IPW-1520,J4,図面位置未確定,PDFに個別位置を確認できない棚番。商品は検索可能
5134,MCC IPW-20,J4,図面位置未確定,PDFに個別位置を確認できない棚番。商品は検索可能
5135,KI KPI-L60,J4,図面位置未確定,PDFに個別位置を確認できない棚番。商品は検索可能
5136,KI VP-100,J4,図面位置未確定,PDFに個別位置を確認できない棚番。商品は検索可能
5137,KI RP-100,J4,図面位置未確定,PDFに個別位置を確認できない棚番。商品は検索可能
5138,KI KPI-100,J4,図面位置未確定,PDFに個別位置を確認できない棚番。商品は検索可能
5139,BOSCH NO652,J4,図面位置未確定,PDFに個別位置を確認できない棚番。商品は検索可能
5140,ﾍﾂｾﾙ BH-271,J4,図面位置未確定,PDFに個別位置を確認できない棚番。商品は検索可能
5141,ﾐﾔﾅｶ R035P5,J4,図面位置未確定,PDFに個別位置を確認できない棚番。商品は検索可能
5142,PUﾗｲﾅｰM,J4,図面位置未確定,PDFに個別位置を確認できない棚番。商品は検索可能
5143,PUﾗｲﾅｰL,J4,図面位置未確定,PDFに個別位置を確認できない棚番。商品は検索可能
5144,ﾉﾝｽﾘﾂﾌﾗｲﾅｰL,J4,図面位置未確定,PDFに個別位置を確認できない棚番。商品は検索可能
5145,REX RBN28S,J4,図面位置未確定,PDFに個別位置を確認できない棚番。商品は検索可能
5146,REX RBN30S,J4,図面位置未確定,PDFに個別位置を確認できない棚番。商品は検索可能
5147,REX RBN42S,J4,図面位置未確定,PDFに個別位置を確認できない棚番。商品は検索可能
5148,REX 424233,J4,図面位置未確定,PDFに個別位置を確認できない棚番。商品は検索可能
5149,REX 424240,J4,図面位置未確定,PDFに個別位置を確認できない棚番。商品は検索可能
5150,KTC PCR3-35,J4,図面位置未確定,PDFに個別位置を確認できない棚番。商品は検索可能
5151,KTC PCRK-S,J4,図面位置未確定,PDFに個別位置を確認できない棚番。商品は検索可能
5152,ｱｻﾀ R70021A,J4,図面位置未確定,PDFに個別位置を確認できない棚番。商品は検索可能
5153,ｱｻﾀ R70020A,J4,図面位置未確定,PDFに個別位置を確認できない棚番。商品は検索可能
5154,ｶﾜﾍ SPG1618,J4,図面位置未確定,PDFに個別位置を確認できない棚番。商品は検索可能
5155,ｶﾜﾍ SPG2018,J4,図面位置未確定,PDFに個別位置を確認できない棚番。商品は検索可能
5156,ｶﾜﾍ SPG2518,J4,図面位置未確定,PDFに個別位置を確認できない棚番。商品は検索可能
5157,ﾀｼﾏ ﾛﾂｸｶﾂﾀｰ25,J4,図面位置未確定,PDFに個別位置を確認できない棚番。商品は検索可能
5158,ｶｯﾀｰﾅｲﾌｶｴﾊﾞ,J4,欠損,規格が空欄
5158,ｶｯﾀｰﾅｲﾌｶｴﾊﾞ,J4,図面位置未確定,PDFに個別位置を確認できない棚番。商品は検索可能
5159,ﾄﾞﾘﾙ3.0,J4,図面位置未確定,PDFに個別位置を確認できない棚番。商品は検索可能
5160,ﾄﾞﾘﾙ4.3,J4,図面位置未確定,PDFに個別位置を確認できない棚番。商品は検索可能
5161,ﾄﾞﾘﾙ4.8,J4,図面位置未確定,PDFに個別位置を確認できない棚番。商品は検索可能
5162,ﾄﾞﾘﾙ5.5,J4,図面位置未確定,PDFに個別位置を確認できない棚番。商品は検索可能
5163,ﾄﾞﾘﾙ6.4,J4,図面位置未確定,PDFに個別位置を確認できない棚番。商品は検索可能
5164,ﾄﾞﾘﾙ7.0,J4,図面位置未確定,PDFに個別位置を確認できない棚番。商品は検索可能
5165,ﾄﾞﾘﾙ7.5,J4,図面位置未確定,PDFに個別位置を確認できない棚番。商品は検索可能
5166,ﾄﾞﾘﾙ10.0,J4,図面位置未確定,PDFに個別位置を確認できない棚番。商品は検索可能
5167,ﾄﾞﾘﾙ11.0,J4,図面位置未確定,PDFに個別位置を確認できない棚番。商品は検索可能
5168,ﾄﾞﾘﾙ12.7,J4,図面位置未確定,PDFに個別位置を確認できない棚番。商品は検索可能
5169,ﾐﾔﾅｶ DLS030,J4,図面位置未確定,PDFに個別位置を確認できない棚番。商品は検索可能
5170,ﾐﾔﾅｶ DLS034,J4,図面位置未確定,PDFに個別位置を確認できない棚番。商品は検索可能
5171,ﾐﾔﾅｶ DLS035,J4,図面位置未確定,PDFに個別位置を確認できない棚番。商品は検索可能
5172,ﾐﾔﾅｶ DLS043,J4,図面位置未確定,PDFに個別位置を確認できない棚番。商品は検索可能
5173,ﾐﾔﾅｶ DLS048,J4,図面位置未確定,PDFに個別位置を確認できない棚番。商品は検索可能
5174,ﾐﾔﾅｶ DLS050,J4,図面位置未確定,PDFに個別位置を確認できない棚番。商品は検索可能
5175,ﾐﾔﾅｶ DLS055,J4,図面位置未確定,PDFに個別位置を確認できない棚番。商品は検索可能
5176,ﾐﾔﾅｶ DLS060,J4,図面位置未確定,PDFに個別位置を確認できない棚番。商品は検索可能
5177,ﾐﾔﾅｶ DLS064,J4,図面位置未確定,PDFに個別位置を確認できない棚番。商品は検索可能
5178,ﾐﾔﾅｶ DLS070,J4,図面位置未確定,PDFに個別位置を確認できない棚番。商品は検索可能
5179,ﾐﾔﾅｶ DLS075,J4,図面位置未確定,PDFに個別位置を確認できない棚番。商品は検索可能
5180,ﾐﾔﾅｶ DLS085,J4,図面位置未確定,PDFに個別位置を確認できない棚番。商品は検索可能
5181,ﾐﾔﾅｶ DLS100,J4,図面位置未確定,PDFに個別位置を確認できない棚番。商品は検索可能
5182,ﾐﾔﾅｶ DLS110,J4,図面位置未確定,PDFに個別位置を確認できない棚番。商品は検索可能
5183,ﾐﾔﾅｶ DLS120,J4,図面位置未確定,PDFに個別位置を確認できない棚番。商品は検索可能
5184,ﾐﾔﾅｶ DLS125,J4,図面位置未確定,PDFに個別位置を確認できない棚番。商品は検索可能
5185,ﾐﾔﾅｶ DLS127,J4,図面位置未確定,PDFに個別位置を確認できない棚番。商品は検索可能
5186,KI ﾁﾀﾝﾄﾘﾙ2.5,J4,図面位置未確定,PDFに個別位置を確認できない棚番。商品は検索可能
5187,KI ﾁﾀﾝﾄﾘﾙ3.0,J4,図面位置未確定,PDFに個別位置を確認できない棚番。商品は検索可能
5188,KI ﾁﾀﾝﾄﾘﾙ3.2,J4,図面位置未確定,PDFに個別位置を確認できない棚番。商品は検索可能
5189,KI ﾁﾀﾝﾄﾘﾙ3.5,J4,図面位置未確定,PDFに個別位置を確認できない棚番。商品は検索可能
5190,KI ﾁﾀﾝﾄﾘﾙ3.8,J4,図面位置未確定,PDFに個別位置を確認できない棚番。商品は検索可能
5191,KI ﾁﾀﾝﾄﾘﾙ4.0,J4,図面位置未確定,PDFに個別位置を確認できない棚番。商品は検索可能
5192,KI ﾁﾀﾝﾄﾘﾙ4.2,J4,図面位置未確定,PDFに個別位置を確認できない棚番。商品は検索可能
5193,KI ﾁﾀﾝﾄﾘﾙ4.5,J4,図面位置未確定,PDFに個別位置を確認できない棚番。商品は検索可能
5194,KI ﾁﾀﾝﾄﾘﾙ5.0,J4,図面位置未確定,PDFに個別位置を確認できない棚番。商品は検索可能
5195,KI ﾁﾀﾝﾄﾘﾙ5.5,J4,図面位置未確定,PDFに個別位置を確認できない棚番。商品は検索可能
5196,KI ﾁﾀﾝﾄﾘﾙ6.5,J4,図面位置未確定,PDFに個別位置を確認できない棚番。商品は検索可能
5197,KI ﾁﾀﾝﾄﾘﾙ7.5,J4,図面位置未確定,PDFに個別位置を確認できない棚番。商品は検索可能
5198,ﾏｻﾑﾈ5.5,J4,図面位置未確定,PDFに個別位置を確認できない棚番。商品は検索可能
5199,ﾐﾔﾅｶ 278-17,J4,図面位置未確定,PDFに個別位置を確認できない棚番。商品は検索可能
5200,TG-20,J4,図面位置未確定,PDFに個別位置を確認できない棚番。商品は検索可能
5201,TG-21,J4,図面位置未確定,PDFに個別位置を確認できない棚番。商品は検索可能
5202,TG-23,J4,図面位置未確定,PDFに個別位置を確認できない棚番。商品は検索可能
5203,TG-24,J4,図面位置未確定,PDFに個別位置を確認できない棚番。商品は検索可能
5204,ﾐﾔﾅｶ 278-25,J4,図面位置未確定,PDFに個別位置を確認できない棚番。商品は検索可能
5205,ﾐﾔﾅｶ 278-27,J4,図面位置未確定,PDFに個別位置を確認できない棚番。商品は検索可能
5206,ﾐﾔﾅｶ 278-28,J4,図面位置未確定,PDFに個別位置を確認できない棚番。商品は検索可能
5207,ﾐﾔﾅｶ 278-30,J4,図面位置未確定,PDFに個別位置を確認できない棚番。商品は検索可能
5208,ﾐﾔﾅｶ 278-35,J4,図面位置未確定,PDFに個別位置を確認できない棚番。商品は検索可能
5209,ﾐﾔﾅｶ 278-38,J4,図面位置未確定,PDFに個別位置を確認できない棚番。商品は検索可能
5210,ﾐﾔﾅｶ 278-45,J4,図面位置未確定,PDFに個別位置を確認できない棚番。商品は検索可能
5211,ﾐﾔﾅｶ 278-48,J4,図面位置未確定,PDFに個別位置を確認できない棚番。商品は検索可能
5212,ﾐﾔﾅｶ 278-50,J4,図面位置未確定,PDFに個別位置を確認できない棚番。商品は検索可能
5213,ｵｵﾐ SL-17,J4,図面位置未確定,PDFに個別位置を確認できない棚番。商品は検索可能
5214,ｵｵﾐ SL-21,J4,図面位置未確定,PDFに個別位置を確認できない棚番。商品は検索可能
5215,ｵｵﾐ SL-23,J4,図面位置未確定,PDFに個別位置を確認できない棚番。商品は検索可能
5216,ｵｵﾐ SL-24,J4,図面位置未確定,PDFに個別位置を確認できない棚番。商品は検索可能
5217,ｵｵﾐ SL-25,J4,図面位置未確定,PDFに個別位置を確認できない棚番。商品は検索可能
5218,ｵｵﾐ SL-27,J4,図面位置未確定,PDFに個別位置を確認できない棚番。商品は検索可能
5219,ｵｵﾐ SL-30,J4,図面位置未確定,PDFに個別位置を確認できない棚番。商品は検索可能
5220,ｵｵﾐ SL-32,J4,図面位置未確定,PDFに個別位置を確認できない棚番。商品は検索可能
5221,ｵｵﾐ SL-35,J4,図面位置未確定,PDFに個別位置を確認できない棚番。商品は検索可能
5222,ｵｵﾐ SL-45,J4,図面位置未確定,PDFに個別位置を確認できない棚番。商品は検索可能
5223,ｵｵﾐ SL-48,J4,図面位置未確定,PDFに個別位置を確認できない棚番。商品は検索可能
5224,ｵｵﾐ SL-50,J4,図面位置未確定,PDFに個別位置を確認できない棚番。商品は検索可能
5225,ﾛｸｶｸｽﾊﾅｾﾂﾄ,J4,図面位置未確定,PDFに個別位置を確認できない棚番。商品は検索可能
5226,KI KXB12.5X30S,J4,図面位置未確定,PDFに個別位置を確認できない棚番。商品は検索可能
5227,ﾕﾆｶ UC3030SDS,J4,図面位置未確定,PDFに個別位置を確認できない棚番。商品は検索可能
5228,ｽｰﾊｰ MF230,J4,図面位置未確定,PDFに個別位置を確認できない棚番。商品は検索可能
5229,ﾋﾀﾁ CL13Dｶｴﾊ,J4,図面位置未確定,PDFに個別位置を確認できない棚番。商品は検索可能
5230,MCC RWH-0930,J4,図面位置未確定,PDFに個別位置を確認できない棚番。商品は検索可能
5231,MCC RWHL-30,J4,図面位置未確定,PDFに個別位置を確認できない棚番。商品は検索可能
5232,ｻﾋﾄﾒｽﾌﾚｰｱｶﾁﾔ,J4,図面位置未確定,PDFに個別位置を確認できない棚番。商品は検索可能
5233,ﾆﾂﾄｳ 30PH-SS10,J4,図面位置未確定,PDFに個別位置を確認できない棚番。商品は検索可能
5234,ﾆﾂﾄｳ 40PH-SS15,J4,図面位置未確定,PDFに個別位置を確認できない棚番。商品は検索可能
5235,ﾆﾂﾄｳ 40SH-SS15,J4,図面位置未確定,PDFに個別位置を確認できない棚番。商品は検索可能
5236,ﾆﾂﾄｳ 30SF-SS10,J4,図面位置未確定,PDFに個別位置を確認できない棚番。商品は検索可能
5237,ﾆﾂﾄｳ 20SM-SS8,J4,図面位置未確定,PDFに個別位置を確認できない棚番。商品は検索可能
5238,ﾆﾂﾄｳ 30SM-SS10,J4,図面位置未確定,PDFに個別位置を確認できない棚番。商品は検索可能
5239,ﾆﾂﾄｳ 600SM-SS20,J4,図面位置未確定,PDFに個別位置を確認できない棚番。商品は検索可能
